{
  "headerData": {
    "logoDark": "/images/logo.svg",
    "logoLight": "/images/logo-light.svg"
  },
  "heroData": {
    "title": "My name<br />is <b>Lilon</b> <span><br />Macwan...</span>",
    "subTitle": "<span>Web Designer</span> based in <span>USA</span>",
    "ImgLink": "/images/home-banner.png",
    "phone": "+123 45 666 7788",
    "email": "mccandesigner@gmail.com",
    "btnText": "Work with me",
    "socialData": [
      {
        "link": "",
        "icon": "dribbble"
      },
      {
        "link": "",
        "icon": "instagram"
      },
      {
        "link": "",
        "icon": "facebook"
      }
    ]
  },
  "aboutData": {
    "aboutLeft": {
      "ImgLink": "/images/about-banner.png",
      "name": "Lilon Macwan",
      "designation": "Web Designer <span>based in</span> USA",
      "resumeCv": "/Resume.pdf"
    },
    "aboutRight": {
      "aboutText": "Born in 2000, AB type living in USA. We provide on-screen design for websites and apps, as well as front-end implementation. We will continue to pursue a wide range of expressions and better code by pursuing our “likes”.",
      "contactInfo": [
        {
          "icon": "phone",
          "data": "+123 45 666 7788"
        },
        {
          "icon": "person",
          "data": "Lilon Macwan"
        },
        {
          "icon": "envelope",
          "data": "lilonesigner@gmail.com"
        },
        {
          "icon": "map",
          "data": "California, USA"
        }
      ],
      "archivement": [
        {
          "number": "10+",
          "meta": "Years <br /> experience...",
          "text": "Hello there! My name is <span>Lilon Macwan</span>. I am a web designer & developer, and Im very passionate and dedicated to my work."
        },
        {
          "number": "50+",
          "meta": "Clients <br /> Worldwide...",
          "text": "With 10+ years experience as a professional designer, I have acquired the skills to make your project a success."
        }
      ],
      "note": "“Lorem ipsum dolor sit amet, consectetur adipiscing elit. Faucibus sed sit ultrices et sed metus sollicitudin.”"
    }
  },
  "experienceData": {
    "text": "Hello there! My name is Lilon Macwan. I am a web designer & developer, and Im very passionate and dedicated to my work.",
    "resumeCv": "/Resume.pdf",
    "experience": [
      {
        "start": "2020",
        "end": "Present",
        "title": "LEAD UI/UX DESIGNER",
        "subtitle": "UI/UX Lead"
      },
      {
        "start": "2017",
        "end": "2018",
        "title": "SENIOR UI/UX DESIGNER",
        "subtitle": "UI/UX Designer"
      },
      {
        "start": "2015",
        "end": "2017",
        "title": "WEB DESIGN AND DEVELOPER",
        "subtitle": "Jr. UI/UX Designer"
      }
    ]
  },
  "serviceData": [
    {
      "title": "Web Design",
      "heading": "Perspiciatis vero deleniti dolor assumenda voluptatum animi",
      "triger": "One",
      "imgLink": "/images/services-1.jpg",
      "text": "Perspiciatis vero deleniti dolor assumenda voluptatum animi ut repellendus sit dolorem asperiores! Porro ullam pariatur neque beatae. Suscipit veniam fugiat vero, dolores perspiciatis asperiores, labore aspernatur quis enim ex quibusdam laboriosam ipsam qui ullam nulla iusto blanditiis praesentium fugit quo officiis doloremque provident! Dignissimos praesentium alias aliquid fugiat nihil tenetur itaque perspiciatis."
    },
    {
      "title": "UI/UX Design",
      "heading": "You can customize a template or make your own from scratch, with an immersive library at your disposal. You can customize a template",
      "triger": "Two",
      "imgLink": "/images/services-2.jpg",
      "text": "Adipisci vitae ducimus voluptas veniam quidem, mollitia deserunt nihil, nulla cumque fugit laborum inventore similique, debitis neque tempore ipsa aspernatur? Necessitatibus vero ducimus molestiae doloribus reprehenderit modi vitae illum eos animi fugiat placeat blanditiis adipisci earum ab laborum id voluptates quo."
    },
    {
      "title": "Mobile Application",
      "heading": "Neque quo numquam consequuntur odio porro quidem soluta amet eveniet. Similique eum cupiditate repellat ipsa.",
      "triger": "Three",
      "imgLink": "/images/services-3.jpg",
      "text": "Lorem ipsum dolor sit amet, consectetur adipisicing elit. Sapiente nulla repellendus consequuntur! Ipsa perferendis explicabo reiciendis, quos sint nobis praesentium officia consequuntur! Ullam maxime, provident placeat nesciunt eius distinctio ipsam modi vel nam iste ea neque quo numquam consequuntur odio porro quidem soluta amet eveniet. Similique eum cupiditate repellat ipsa."
    },
    {
      "title": "User Research",
      "heading": "Sint, mollitia accusamus odit inventore, veritatis eos repellendus nihil voluptates voluptatibus adipisci",
      "triger": "Four",
      "imgLink": "/images/services-4.jpg",
      "text": "Sint, mollitia accusamus odit inventore, veritatis eos repellendus nihil voluptates voluptatibus adipisci sequi exercitationem optio labore perferendis aliquid cupiditate, nesciunt doloremque? Quidem totam, quas neque repudiandae amet rem harum inventore quo! Fuga ad esse excepturi optio, sint cum laborum."
    }
  ],
  "portfolioData": [
    {
      "ImgLink": "/images/services-1.jpg",
      "subTitle": "UX case study",
      "title": "Processor Research",
      "link": "",
      "paragraphList": [
        {
          "text": "Lorem ipsum dolor sit amet, consectetur adipisicing elit, sed do eiusmod tempor incididunt ut labore et dolore magna aliqua. Ut enim ad minim veniam, quis nostrud exercitation ullamco laboris nisi ut aliquip ex ea commodo consequat. Duis aute irure dolor in reprehenderit in voluptate velit esse cillum dolore eu fugiat nulla pariatur. Excepteur sint occaecat cupidatat non proident, sunt in culpa qui officia deserunt mollit anim id est laborum."
        },
        {
          "text": "Lorem ipsum dolor sit amet, consectetur adipisicing elit, sed do eiusmod tempor incididunt ut labore et dolore magna aliqua. Ut enim ad minim veniam, quis nostrud exercitation ullamco laboris nisi ut aliquip ex ea commodo consequat. Duis aute irure dolor in reprehenderit in voluptate velit esse cillum dolore eu fugiat nulla pariatur. Excepteur sint occaecat cupidatat non proident, sunt in culpa qui officia deserunt mollit anim id est laborum."
        },
        {
          "text": "Lorem ipsum dolor sit amet, consectetur adipisicing elit, sed do eiusmod tempor incididunt ut labore et dolore magna aliqua. Ut enim ad minim veniam, quis nostrud exercitation ullamco laboris nisi ut aliquip ex ea commodo consequat. Duis aute irure dolor in reprehenderit in voluptate velit esse cillum dolore eu fugiat nulla pariatur. Excepteur sint occaecat cupidatat non proident, sunt in culpa qui officia deserunt mollit anim id est laborum."
        },
        {
          "text": "Lorem ipsum dolor sit amet, consectetur adipisicing elit, sed do eiusmod tempor incididunt ut labore et dolore magna aliqua. Ut enim ad minim veniam, quis nostrud exercitation ullamco laboris nisi ut aliquip ex ea commodo consequat. Duis aute irure dolor in reprehenderit in voluptate velit esse cillum dolore eu fugiat nulla pariatur. Excepteur sint occaecat cupidatat non proident, sunt in culpa qui officia deserunt mollit anim id est laborum."
        }
      ]
    },
    {
      "ImgLink": "/images/services-2.jpg",
      "subTitle": "UX case study",
      "title": "Artificial Research",
      "link": "",
      "paragraphList": [
        {
          "text": "Lorem ipsum dolor sit amet, consectetur adipisicing elit, sed do eiusmod tempor incididunt ut labore et dolore magna aliqua. Ut enim ad minim veniam, quis nostrud exercitation ullamco laboris nisi ut aliquip ex ea commodo consequat. Duis aute irure dolor in reprehenderit in voluptate velit esse cillum dolore eu fugiat nulla pariatur. Excepteur sint occaecat cupidatat non proident, sunt in culpa qui officia deserunt mollit anim id est laborum."
        },
        {
          "text": "Lorem ipsum dolor sit amet, consectetur adipisicing elit, sed do eiusmod tempor incididunt ut labore et dolore magna aliqua. Ut enim ad minim veniam, quis nostrud exercitation ullamco laboris nisi ut aliquip ex ea commodo consequat. Duis aute irure dolor in reprehenderit in voluptate velit esse cillum dolore eu fugiat nulla pariatur. Excepteur sint occaecat cupidatat non proident, sunt in culpa qui officia deserunt mollit anim id est laborum."
        },
        {
          "text": "Lorem ipsum dolor sit amet, consectetur adipisicing elit, sed do eiusmod tempor incididunt ut labore et dolore magna aliqua. Ut enim ad minim veniam, quis nostrud exercitation ullamco laboris nisi ut aliquip ex ea commodo consequat. Duis aute irure dolor in reprehenderit in voluptate velit esse cillum dolore eu fugiat nulla pariatur. Excepteur sint occaecat cupidatat non proident, sunt in culpa qui officia deserunt mollit anim id est laborum."
        },
        {
          "text": "Lorem ipsum dolor sit amet, consectetur adipisicing elit, sed do eiusmod tempor incididunt ut labore et dolore magna aliqua. Ut enim ad minim veniam, quis nostrud exercitation ullamco laboris nisi ut aliquip ex ea commodo consequat. Duis aute irure dolor in reprehenderit in voluptate velit esse cillum dolore eu fugiat nulla pariatur. Excepteur sint occaecat cupidatat non proident, sunt in culpa qui officia deserunt mollit anim id est laborum."
        }
      ]
    },
    {
      "ImgLink": "/images/services-3.jpg",
      "subTitle": "UX case study",
      "title": "Website Research",
      "link": "",
      "paragraphList": [
        {
          "text": "Lorem ipsum dolor sit amet, consectetur adipisicing elit, sed do eiusmod tempor incididunt ut labore et dolore magna aliqua. Ut enim ad minim veniam, quis nostrud exercitation ullamco laboris nisi ut aliquip ex ea commodo consequat. Duis aute irure dolor in reprehenderit in voluptate velit esse cillum dolore eu fugiat nulla pariatur. Excepteur sint occaecat cupidatat non proident, sunt in culpa qui officia deserunt mollit anim id est laborum."
        },
        {
          "text": "Lorem ipsum dolor sit amet, consectetur adipisicing elit, sed do eiusmod tempor incididunt ut labore et dolore magna aliqua. Ut enim ad minim veniam, quis nostrud exercitation ullamco laboris nisi ut aliquip ex ea commodo consequat. Duis aute irure dolor in reprehenderit in voluptate velit esse cillum dolore eu fugiat nulla pariatur. Excepteur sint occaecat cupidatat non proident, sunt in culpa qui officia deserunt mollit anim id est laborum."
        },
        {
          "text": "Lorem ipsum dolor sit amet, consectetur adipisicing elit, sed do eiusmod tempor incididunt ut labore et dolore magna aliqua. Ut enim ad minim veniam, quis nostrud exercitation ullamco laboris nisi ut aliquip ex ea commodo consequat. Duis aute irure dolor in reprehenderit in voluptate velit esse cillum dolore eu fugiat nulla pariatur. Excepteur sint occaecat cupidatat non proident, sunt in culpa qui officia deserunt mollit anim id est laborum."
        },
        {
          "text": "Lorem ipsum dolor sit amet, consectetur adipisicing elit, sed do eiusmod tempor incididunt ut labore et dolore magna aliqua. Ut enim ad minim veniam, quis nostrud exercitation ullamco laboris nisi ut aliquip ex ea commodo consequat. Duis aute irure dolor in reprehenderit in voluptate velit esse cillum dolore eu fugiat nulla pariatur. Excepteur sint occaecat cupidatat non proident, sunt in culpa qui officia deserunt mollit anim id est laborum."
        }
      ]
    },
    {
      "ImgLink": "/images/services-4.jpg",
      "subTitle": "UX case study",
      "title": "Robotics Research",
      "link": "",
      "paragraphList": [
        {
          "text": "Lorem ipsum dolor sit amet, consectetur adipisicing elit, sed do eiusmod tempor incididunt ut labore et dolore magna aliqua. Ut enim ad minim veniam, quis nostrud exercitation ullamco laboris nisi ut aliquip ex ea commodo consequat. Duis aute irure dolor in reprehenderit in voluptate velit esse cillum dolore eu fugiat nulla pariatur. Excepteur sint occaecat cupidatat non proident, sunt in culpa qui officia deserunt mollit anim id est laborum."
        },
        {
          "text": "Lorem ipsum dolor sit amet, consectetur adipisicing elit, sed do eiusmod tempor incididunt ut labore et dolore magna aliqua. Ut enim ad minim veniam, quis nostrud exercitation ullamco laboris nisi ut aliquip ex ea commodo consequat. Duis aute irure dolor in reprehenderit in voluptate velit esse cillum dolore eu fugiat nulla pariatur. Excepteur sint occaecat cupidatat non proident, sunt in culpa qui officia deserunt mollit anim id est laborum."
        },
        {
          "text": "Lorem ipsum dolor sit amet, consectetur adipisicing elit, sed do eiusmod tempor incididunt ut labore et dolore magna aliqua. Ut enim ad minim veniam, quis nostrud exercitation ullamco laboris nisi ut aliquip ex ea commodo consequat. Duis aute irure dolor in reprehenderit in voluptate velit esse cillum dolore eu fugiat nulla pariatur. Excepteur sint occaecat cupidatat non proident, sunt in culpa qui officia deserunt mollit anim id est laborum."
        },
        {
          "text": "Lorem ipsum dolor sit amet, consectetur adipisicing elit, sed do eiusmod tempor incididunt ut labore et dolore magna aliqua. Ut enim ad minim veniam, quis nostrud exercitation ullamco laboris nisi ut aliquip ex ea commodo consequat. Duis aute irure dolor in reprehenderit in voluptate velit esse cillum dolore eu fugiat nulla pariatur. Excepteur sint occaecat cupidatat non proident, sunt in culpa qui officia deserunt mollit anim id est laborum."
        }
      ]
    }
  ],
  "blogData": [
    {
      "ImgLink": "/images/blog-1.jpg",
      "date": "12 July, 2022",
      "delay": "700",
      "title": "12 unique example of portfolio websites",
      "paragraphList": [
        {
          "text": "Lorem ipsum dolor sit amet, consectetur adipisicing elit, sed do eiusmod tempor incididunt ut labore et dolore magna aliqua. Ut enim ad minim veniam, quis nostrud exercitation ullamco laboris nisi ut aliquip ex ea commodo consequat. Duis aute irure dolor in reprehenderit in voluptate velit esse cillum dolore eu fugiat nulla pariatur. Excepteur sint occaecat cupidatat non proident, sunt in culpa qui officia deserunt mollit anim id est laborum."
        },
        {
          "text": "Lorem ipsum dolor sit amet, consectetur adipisicing elit, sed do eiusmod tempor incididunt ut labore et dolore magna aliqua. Ut enim ad minim veniam, quis nostrud exercitation ullamco laboris nisi ut aliquip ex ea commodo consequat. Duis aute irure dolor in reprehenderit in voluptate velit esse cillum dolore eu fugiat nulla pariatur. Excepteur sint occaecat cupidatat non proident, sunt in culpa qui officia deserunt mollit anim id est laborum."
        },
        {
          "text": "Lorem ipsum dolor sit amet, consectetur adipisicing elit, sed do eiusmod tempor incididunt ut labore et dolore magna aliqua. Ut enim ad minim veniam, quis nostrud exercitation ullamco laboris nisi ut aliquip ex ea commodo consequat. Duis aute irure dolor in reprehenderit in voluptate velit esse cillum dolore eu fugiat nulla pariatur. Excepteur sint occaecat cupidatat non proident, sunt in culpa qui officia deserunt mollit anim id est laborum."
        },
        {
          "text": "Lorem ipsum dolor sit amet, consectetur adipisicing elit, sed do eiusmod tempor incididunt ut labore et dolore magna aliqua. Ut enim ad minim veniam, quis nostrud exercitation ullamco laboris nisi ut aliquip ex ea commodo consequat. Duis aute irure dolor in reprehenderit in voluptate velit esse cillum dolore eu fugiat nulla pariatur. Excepteur sint occaecat cupidatat non proident, sunt in culpa qui officia deserunt mollit anim id est laborum."
        }
      ]
    },
    {
      "ImgLink": "/images/blog-2.jpg",
      "date": "11 July, 2022",
      "delay": "800",
      "title": "12 unique example of portfolio websites",
      "paragraphList": [
        {
          "text": "Lorem ipsum dolor sit amet, consectetur adipisicing elit, sed do eiusmod tempor incididunt ut labore et dolore magna aliqua. Ut enim ad minim veniam, quis nostrud exercitation ullamco laboris nisi ut aliquip ex ea commodo consequat. Duis aute irure dolor in reprehenderit in voluptate velit esse cillum dolore eu fugiat nulla pariatur. Excepteur sint occaecat cupidatat non proident, sunt in culpa qui officia deserunt mollit anim id est laborum."
        },
        {
          "text": "Lorem ipsum dolor sit amet, consectetur adipisicing elit, sed do eiusmod tempor incididunt ut labore et dolore magna aliqua. Ut enim ad minim veniam, quis nostrud exercitation ullamco laboris nisi ut aliquip ex ea commodo consequat. Duis aute irure dolor in reprehenderit in voluptate velit esse cillum dolore eu fugiat nulla pariatur. Excepteur sint occaecat cupidatat non proident, sunt in culpa qui officia deserunt mollit anim id est laborum."
        },
        {
          "text": "Lorem ipsum dolor sit amet, consectetur adipisicing elit, sed do eiusmod tempor incididunt ut labore et dolore magna aliqua. Ut enim ad minim veniam, quis nostrud exercitation ullamco laboris nisi ut aliquip ex ea commodo consequat. Duis aute irure dolor in reprehenderit in voluptate velit esse cillum dolore eu fugiat nulla pariatur. Excepteur sint occaecat cupidatat non proident, sunt in culpa qui officia deserunt mollit anim id est laborum."
        },
        {
          "text": "Lorem ipsum dolor sit amet, consectetur adipisicing elit, sed do eiusmod tempor incididunt ut labore et dolore magna aliqua. Ut enim ad minim veniam, quis nostrud exercitation ullamco laboris nisi ut aliquip ex ea commodo consequat. Duis aute irure dolor in reprehenderit in voluptate velit esse cillum dolore eu fugiat nulla pariatur. Excepteur sint occaecat cupidatat non proident, sunt in culpa qui officia deserunt mollit anim id est laborum."
        }
      ]
    },
    {
      "ImgLink": "/images/blog-3.jpg",
      "date": "10 July, 2022",
      "delay": "900",
      "title": "12 unique example of portfolio websites",
      "paragraphList": [
        {
          "text": "Lorem ipsum dolor sit amet, consectetur adipisicing elit, sed do eiusmod tempor incididunt ut labore et dolore magna aliqua. Ut enim ad minim veniam, quis nostrud exercitation ullamco laboris nisi ut aliquip ex ea commodo consequat. Duis aute irure dolor in reprehenderit in voluptate velit esse cillum dolore eu fugiat nulla pariatur. Excepteur sint occaecat cupidatat non proident, sunt in culpa qui officia deserunt mollit anim id est laborum."
        },
        {
          "text": "Lorem ipsum dolor sit amet, consectetur adipisicing elit, sed do eiusmod tempor incididunt ut labore et dolore magna aliqua. Ut enim ad minim veniam, quis nostrud exercitation ullamco laboris nisi ut aliquip ex ea commodo consequat. Duis aute irure dolor in reprehenderit in voluptate velit esse cillum dolore eu fugiat nulla pariatur. Excepteur sint occaecat cupidatat non proident, sunt in culpa qui officia deserunt mollit anim id est laborum."
        },
        {
          "text": "Lorem ipsum dolor sit amet, consectetur adipisicing elit, sed do eiusmod tempor incididunt ut labore et dolore magna aliqua. Ut enim ad minim veniam, quis nostrud exercitation ullamco laboris nisi ut aliquip ex ea commodo consequat. Duis aute irure dolor in reprehenderit in voluptate velit esse cillum dolore eu fugiat nulla pariatur. Excepteur sint occaecat cupidatat non proident, sunt in culpa qui officia deserunt mollit anim id est laborum."
        },
        {
          "text": "Lorem ipsum dolor sit amet, consectetur adipisicing elit, sed do eiusmod tempor incididunt ut labore et dolore magna aliqua. Ut enim ad minim veniam, quis nostrud exercitation ullamco laboris nisi ut aliquip ex ea commodo consequat. Duis aute irure dolor in reprehenderit in voluptate velit esse cillum dolore eu fugiat nulla pariatur. Excepteur sint occaecat cupidatat non proident, sunt in culpa qui officia deserunt mollit anim id est laborum."
        }
      ]
    },
    {
      "ImgLink": "/images/blog-4.jpg",
      "date": "10 July, 2022",
      "delay": "1000",
      "title": "12 unique example of portfolio websites",
      "paragraphList": [
        {
          "text": "Lorem ipsum dolor sit amet, consectetur adipisicing elit, sed do eiusmod tempor incididunt ut labore et dolore magna aliqua. Ut enim ad minim veniam."
        },
        {
          "text": "Excepteur sint occaecat cupidatat non proident, sunt in culpa qui officia deserunt mollit anim id est laborum."
        },
        {
          "text": "Lorem ipsum dolor sit amet, consectetur adipisicing elit, sed do eiusmod tempor incididunt ut labore et dolore magna aliqua. Ut enim ad minim veniam, quis nostrud exercitation ullamco laboris nisi ut aliquip ex ea commodo consequat. Duis aute irure dolor in reprehenderit in voluptate velit esse cillum dolore eu fugiat nulla pariatur. Excepteur sint occaecat cupidatat non proident, sunt in culpa qui officia deserunt mollit anim id est laborum."
        }
      ]
    }
  ],
  "sliderData": {
    "testimonialInfo": {
      "useFor": "testimonial",
      "settings": {
        "infinite": true,
        "speed": 1500,
        "autoplay": true,
        "autoplaySpeed": 5000,
        "slidesToShow": 2,
        "slidesToScroll": 1,
        "arrows": false,
        "dots": true,
        "responsive": [
          {
            "breakpoint": 991,
            "settings": {
              "slidesToShow": 1,
              "autoplay": true
            }
          }
        ]
      },
      "info": [
        {
          "imgLink": "/images/avatar-1.jpg",
          "name": "Ema Watson",
          "designation": "Chief Executive Officer, Brazil",
          "text": "File storage made easy – including powerful features you won’t find anywhere else. Whether          you’re."
        },
        {
          "imgLink": "/images/avatar-2.jpg",
          "name": "Ema Watson",
          "designation": "Chief Executive Officer, Brazil",
          "text": "File storage made easy – including powerful features you won’t find anywhere else. Whether          you’re."
        },
        {
          "imgLink": "/images/avatar-1.jpg",
          "name": "Ema Watson",
          "designation": "Chief Executive Officer, Brazil",
          "text": "File storage made easy – including powerful features you won’t find anywhere else. Whether          you’re."
        },
        {
          "imgLink": "/images/avatar-2.jpg",
          "name": "Ema Watson",
          "designation": "Chief Executive Officer, Brazil",
          "text": "File storage made easy – including powerful features you won’t find anywhere else. Whether          you’re."
        }
      ]
    },
    "brandInfo": {
      "useFor": "brand",
      "settings": {
        "infinite": true,
        "speed": 1000,
        "autoplay": true,
        "autoplaySpeed": 3000,
        "slidesToShow": 5,
        "slidesToScroll": 1,
        "arrows": false,
        "responsive": [
          {
            "breakpoint": 991,
            "settings": {
              "slidesToShow": 4
            }
          },
          {
            "breakpoint": 767,
            "settings": {
              "slidesToShow": 3
            }
          }
        ]
      },
      "info": [
        {
          "imgLink": "/images/brand-1.png"
        },
        {
          "imgLink": "/images/brand-2.png"
        },
        {
          "imgLink": "/images/brand-3.png"
        },
        {
          "imgLink": "/images/brand-4.png"
        },
        {
          "imgLink": "/images/brand-1.png"
        },
        {
          "imgLink": "/images/brand-2.png"
        }
      ]
    }
  },
  "contactData": {
    "contactInfo": [
      {
        "icon": "chat-left-dots-fill",
        "title": "Chat to us",
        "text": "Our friendly team is there to help.",
        "emailLink": "info@domainname.com"
      },
      {
        "icon": "compass",
        "title": "Visit us",
        "text": "Come say hello at ur office HQ. Warnwe Park Streetperrine, FL 33157 New York City"
      },
      {
        "icon": "phone",
        "title": "Call us",
        "text": "Mon-Fri from 8am to 5pm. +01 (555) 000-0000"
      }
    ],
    "contactForm": {
      "title": "Got Ideas? We have got the skills. Lets team up.",
      "text": "Tell us more about yourself and what you are got in mind."
    }
  },
  "footerData": {
    "ImgLink": "/images/about-banner.png",
    "name": "lilon williamson"
  },
  "socialData": [
    {
      "icon": "twitter",
      "link": ""
    },
    {
      "icon": "instagram",
      "link": ""
    },
    {
      "icon": "facebook",
      "link": ""
    },
    {
      "icon": "pinterest",
      "link": ""
    }
  ]
}